Temperature,Weather_Score,Day_Monday,Day_Saturday,Day_Sunday,Day_Thursday,Day_Tuesday,Day_Wednesday,Route_B2,Route_C3,Route_D4,Route_E5,Weather_Rainy,Weather_Snowy,Weather_Stormy,Weather_Sunny,Holiday_Yes,Predicted_Ridership
0.5638419613617607,-0.4510781734595617,-0.43967877187142834,-0.41347332121145364,-0.41015155621479793,-0.4429133648963732,2.6100766272276377,-0.40681834459764166,1.9875852307523696,-0.4557734838700402,-0.48432210483785265,-0.5527051915086619,1.9632546783438047,-0.5031230784611261,-0.4589703182414243,-0.5279889946927152,1.049209386221098,914.14
1.120708437392192,0.4964953735686219,-0.43967877187142834,-0.41347332121145364,-0.41015155621479793,-0.4429133648963732,-0.3831305140884606,-0.40681834459764166,-0.5031230784611261,-0.4557734838700402,-0.48432210483785265,1.8092828063916029,-0.5093582666735815,-0.5031230784611261,-0.4589703182414243,1.8939788708701986,-0.9530986027504631,1283.65
1.2281738976787668,2.2258170968950575,-0.43967877187142834,-0.41347332121145364,2.438123139721299,-0.4429133648963732,-0.3831305140884606,-0.40681834459764166,-0.5031230784611261,-0.4557734838700402,-0.48432210483785265,-0.5527051915086619,-0.5093582666735815,1.9875852307523696,-0.4589703182414243,-0.5279889946927152,-0.9530986027504631,699.24
-1.6343151808636285,-0.8395833277411171,-0.43967877187142834,-0.41347332121145364,-0.41015155621479793,-0.4429133648963732,-0.3831305140884606,2.45809957510406,-0.5031230784611261,2.194072352583682,-0.48432210483785265,-0.5527051915086619,-0.5093582666735815,-0.5031230784611261,-0.4589703182414243,1.8939788708701986,1.049209386221098,1053.96
0.41729815188006814,0.15536889663847595,-0.43967877187142834,2.4185357281820647,-0.41015155621479793,-0.4429133648963732,-0.3831305140884606,-0.40681834459764166,-0.5031230784611261,2.194072352583682,-0.48432210483785265,-0.5527051915086619,-0.5093582666735815,-0.5031230784611261,-0.4589703182414243,1.8939788708701986,-0.9530986027504631,1015.54
